resistant,genes
True,atggtaaaagattggattcccatctctcatgataattacaagcaggtgcaaggaccgttctatcatggaaccaaagccaatttggcgattggtgacttgctaaccacagggttcatctctcatttcgaggacggtcgtattcttaagcacatctacttttcagccttgatggagccagcagtttggggagctgaacttgctatgtcactgtctggcctcgagggtcgcggctacatatacatagttgagccaacaggaccgttcgaagacgatccgaatcttacgaacaaaagatttcccggtaatccaacacagtcctatagaacctgcgaacccttgagaattgttggcgttgttgaagactgggaggggcatcctgttgaattaataaggggaatgttggattcgttggaggacttaaagcgccgtggtttacacatcattgaagactag
True,atggtaaaagattggattcccatctctcatgataattacaagcaggtgcaaggaccgttctatcatggaaccaaagccaatttggcgattggtgacttgctaaccacagggttcatctctcatttcgaggacggtcgtattcttaagcacatctacttttcagccttgatggagccagcagtttggggagctgaacttgctatgtcactgtctggcctcgagggtcgcggctacatatacatagttgagtcaacaggaccgttcgaagacgatccgaatcttacgaacaaaagatttcccggtaatccaacacagtcctatagaacctgcgaacccttgagaattgttggcgttgttgaagactgggaggggcatcctgttgaattaataaggggaatgttggattcgttggaggacttaaagcgccgtggtttacacgtcattgaagactag
True,atggtaaaagattggattcccatctctcatgataattacaagcaggtgcaaggaccgttctatcatggaaccaaagccaatttggcgattggtgacttgctaaccacagggttcatctttcatttcgaggacggtcgtattcttaagcacatctacttttcagccttgatggagccagcagtttggggagctgaacttgctatgtcactgtctggcctcgagggtcgcggctacatatacatagttgagccaacaggaccgttcgaagacgatccgaatcttacgaacaaaaaatttcccggtaatccaacacagtcctatagaacctgcgaacccttgagaattgttggcgttgttgaagactgggaggggcatcctgttgaattaataaggggaatgttggattcgttagaggacttaaagcgccgtggtttacacgtcattgaagactag
True,atgtctgctaccgcaaccatgtttgcccagtcgttcttccatggaaccaaagccgctcttgcacccggtgatctgatcgccgtcggttatcgatcgaatttcacagacgcgaaatccctgtcgtgggtgtattttacaggcacgctcgatgcggcgatctggggcgccgaattggcgggtggcagcggaacggaacgaatttatgtcgtcgaaccgaccggcgccatcgaggaggatccgaacctgacggataagaagttcccgggtaacccgaccctgtcttatcgctcccgcgatccattgcgcgtaattgctgaagtgacgaagtggcaagcacacacggcccagcggctgcgggaaatgaaggagggcctggcgcgtctgaacgcagaaggtgccgagatcatcgattaa
True,atggtaaaagattggattcccatctctcatgataattacaagcaggtgcaaggaccgttctatcatggaaccaaagccaatttggcgattggtgacttgctaaccacagggttcatctctcatttcgaggacggtcgtattcttaagcacatctacttttcagccttgatggagccagcagtttggggagctgaacttgctatgtcactgtctggcctcgagggtcgcggctacatatacatagttgagccaacaggaccgttcgaagacgatccgaatcttacgaacaaaagatttcccggtaatccaacacagtcctatagaacctgcgaacccttgagaattgttggcgttgttgaagactgggaggggcatcctgttgaattaataaggggaatgttggattcgttagaggacttaaagcgccgtggtttacacgtcattgaagactag
True,gtggtggcgaatccgccgaaaccgttcgaagtgcacgagtccggggcctatctgcacggcaccaaggccgacctcaaggtgggggaccgactggtgcccggccgcgagtccaacttcgaggccgggcgcatcatgaagcacgtctacatcacccagacgctggacgccgcggtgtggggcgccgagcttgctgtcggtgagggtcgcgggcggatttacatcgtcgaacccgagggcgagatcgaagacgacccgaacgtcaccgacaagaagctccccggcaacccgacccgctcctaccgcacccgtgagcccgtgcggatcgtcggggagctcaccgactgggaggggcattcgccggagcagatcgctgccatgcgggaggggctcgaggatctacggcgcaaggggctcgcggtcatctatgactag
True,atggtaaaagattggattcccatctctcatgataattacaagcaggtgcaaggaccgttctatcatggaaccaaagccaatttggcgattggtgacttgctaaccacagggttcatctctcatttcgaggacggtcgtattcttaagcacatctacttttcagccttgatggagccagcagtttggggagctgaacttgctatgtcactgtctggcctcgagggtcgcggctacatatacatagttgagccaacaggaccgttcgaagacgatccgaatcttacgaacaaaaaatttcccggtaatccaacacagtcctatagaacctgcgaacccttgagaattgttggcgttgttgaagactgggaggggcatcctgttgaattaataaggggaatgttggattcgttagaggacttaaagcgccgtggtttacacgtcattgaagactag
True,atgacgaatgactggattcccacttcgcatgacaactgctcgcaagtagcggggccgttctatcacggcaccaaagccaaactcacggttggtgacttgctttccccaggacacccgtctcactttgagcaaggtcgcaagctcaaacacatctactttgccgccctgatggaaccagccatctggggagcggagcttgcgatgtcgctgtcaagcctagaggggcgcggccacatctacatcgttgaaccgctcggcccatttgaggacgacccgaaccttacaaacaagaaattcccgggaaatccaaccaagtcctatcgcaccactgagccgctgcggattgttgggatcgtagaagactggcaaggccactcaccggaggtgttacagggcatgttggcgtctctggaggatcttcagcgtcgtggcctcgccatcattgaggactaa
True,atgacggtagactggatccccatttcgcacgacaactaccatcaagtgcgtggcccgttttatcacggaacaaaagccgaactcgccattggcgacttaatttcaaccggatttatttctcactttgagcgggacagagcactaaagcatgtgtacttttccgcgctgatggagccagcaatctggggggccgagctcgctgtagcactctctggctctgacgggccaggccatatttacatcattgagccaaccggcccgtttgaagacgaccccaatctcacaaacaaacgattccctggcaatccaacacagtcctatcgcacatgccacccacttaaaattgttggcatactgcgggagtgggagcgccattctcctgaagcattgaagaccatgctagattctctggcagacctcaagcgacgcggcttggccatcattgaagaatga
True,atggtaaaagattggattcccatctctcatgataattacaagcaggtgcaaggaccgttctatcatggaaccaaagccaatttggcgattggtgacttgctaaccacagggttcatctctcatttcgaggacggtcgtattcttaagcacatctacttttcagccttgatggagccagcagtttggggagctgaacttgctatgtcactgtctggcctcgagggtcgcggctacatatacatagttgagccaacaggaccgttcgaagacgatccgaatcttacgaacaaaagatttcccggtaatccaacacagtcctatagaacctgcgaacccttgagaattgttggcgttgttgaagactgggaggggcatcctgttgaattaataaggggaatgttggattcgttggaggacttaaagcgccgtggtttacacgtcattgaagactag
True,atgccgaatgactggattcccacctcgcacgaaaactgctcgctcgtgccggggccgttctaccacggcaccaaagcaaaactcgcaataggtgacttgctttcgcctggacacccgtctcactttgagcaaggccgtaggctcaaacacatctattttgccgcactgatggagccagccatctggggtgctgagcttgcaatgtcattgtcacgccaagaggggcgcggttacatttacattgttgaaccgctcgggccgtttgaggacgacccaaaccttacaaacaaaaaatttccgggcaatccaaccaagtcctaccgcaccagtgagtcgctacggattgtggaggtagtagaggactggcaaggccactcaccggatgtgctgcagggcatgttggcatcactggaggatcttcagcgtcgcggcctcgcaatcattgaggactag
True,atgattaaagattggattccaaccacacatgaaaattgtaaaaaaatgcagggaccgttttatcatggcaccaaagctaaattatcggtaggtgaactcctaacaactgggttcaacactcattttgaagagggtcgcacactcaagcacgtttatttttcagctatgcttgagccagcaatttggggggctgaactcgctgtttcactgtctggtctagatggccggggatacatatacttagttgaaccaactggacctttcgaggatgacccgaatcttaccaataaaaaatttccaggaaatccaacaatgtcctatcgaacttctgagcctctccagattgtgggggtcgttgaagagtgggagggacactccgctgaagccctgaaagcgatgctggattccttggagaatctagagcgcaatggacttcatgtcatatatgattaa
True,atgttatggagcagcaacgatgttacgcagcagggcagtcgccctaaaacaaagttatgcagccaaatcccaacaattaagggtcttaaaatggtaaaagattggattcccatctctcatgataattacaagcaggtgcaaggaccgttctatcatggaaccaaagccaatttggcgattggtgacttgctaaccacagggttcatctttcatttcgaggacggtcgtattcttaagcacatctacttttcagccttgatggagccagcagtttggggagctgaacttgctatgtcactgtctggcctcgagggtcgcggctacatatacatagttgagccaacaggaccgttcgaagacgatccgaatcttacgaacaaaaaatttcccggtaatccaacacagtcctatagaacctgcgaacccttgagaattgttggcgttgttgaagactgggaggggcatcctgttgaattaataaggggaatgttggattcgttagaggacttaaagcgccgtggtttacacgtcattgaagactag
True,atgtcgagtgactggactcccatctcacatgagaattgccagcaggtgcgtgggccgttctatcacggcaccaaagcccatctatcgattggcgacttgataacaactgggcatctctcccactttgaagatggacgcgctcttaaacacgtctacttttcagctttgatggagcctgccatttggggggcggaacttgcaatgtcgttgtcacgcctagatggccgtggctacatatacatcgtcgaaccaactggaccgtttgaggacgacccgaatcttacgaacaaaagatttcctggaaatccaacaaagtcctatcgcacgtgcgatccgctacgaattgtcgggtcagtcgaagactggcaagggcatcccgctgatgtgctgcaacagatgttggagtctttagaggacctagagcgccgtggtcttgccatcatcgaggattag
True,atgtcgagtgactggactcccatctcacatgagaattgccagcaggtgcgtgggccgttctatcacggcaccaaagcccatctatcgattggcgacttgataacaactgggcatctctcccactttgaagatggacgcgctcttaaacacgtctacttttcagctttgatggagcctgccatttggggggcggaacttgcaatgtcgttgtcacgcctagatggccgtggctacatatacatcgtcgaaccaactggaccgtttgaggacgacccgaatcttacgaacaaaagatttcctggaaatccaacaaagtcctatcgcacgtgcgatccgctacgaattgtcgggtcagtcgaagactggcaagggcatcccgctgatgtgctgcaacagatgttggagtctttagaggacctaaagcgccgtggtcttgccatcatcgaggattag
True,atggtaaaagattggattcccatctctcatgataattacaagcaggtgcaagggccgttctatcatggaaccaaagccaatttggcgattggtgacttgctaaccacagggttcatctctcatttcgaggacggtcgtattcttaagcacatctacttttcagccttgatggagccagcagtttggggagctgaacttgctatgtcactgtctggcctcgagggtcgcggctacatatacatagttgagccaacaggaccgttcgaagacgatccgaatcttacgaacaaaagatttcccggtaatccaacacagtcctatagaacctgcgaacccttgagaattgttggcgttgttgaagactgggaggggcatcctgttgagttaataaggggaatgttggattcgttggaggacttaaagcgccgtggtttacacgtcattgaagactag
